"Symbol","Description","Category2","Category3","GICS Sector","Market cap","Dividend yield","Price to TTM earnings","Price to TTM sales","Price to book value","Action"
"AAPL","Apple Inc","Common stocks","Large cap","Information Technology","$2,784,985,890,750","0.51%","29.98","7.61","44.99","Analyze"
"MSFT","Microsoft Corp","Common stocks","Large cap","Information Technology","$2,401,878,023,840","0.72%","36.20","13.63","16.17","Analyze"
"GOOG","Alphabet Inc Class C","Common stocks","Large cap","Communication Services","$1,919,689,563,249","0.00%","12.98","8.03","3.75","Analyze"
"GOOGL","Alphabet Inc Class A","Common stocks","Large cap","Communication Services","$1,919,689,563,249","0.00%","12.22","8.03","3.53","Analyze"
"AMZN","Amazon.Com Inc.","Common stocks","Large cap","Consumer Discretionary","$1,694,674,344,040","0.00%","65.82","3.70","14.34","Analyze"
"FB","Facebook Inc Class A","Common stocks","Large cap","Communication Services","$928,834,341,658","0.00%","19.62","8.27","5.93","Analyze"
"TSLA","Tesla Inc","Common stocks","Large cap","Consumer Discretionary","$903,778,110,909","0.00%","271.78","19.29","34.84","Analyze"
"NVDA","Nvidia Corp","Common stocks","Large cap","Information Technology","$692,975,000,000","0.06%","88.57","28.55","30.54","Analyze"
"BRK.B","Berkshire Hathaway Inc. Class B","Common stocks","Large cap","Financials","$648,688,661,325","0.00%","4.45","1.87","0.81","Analyze"
"V","Visa Inc Class A","Common stocks","Large cap","Information Technology","$460,062,960,000","0.64%","29.49","19.09","9.55","Analyze"
"UNH","Unitedhealth Group Inc","Common stocks","Large cap","Health Care","$455,601,705,163","1.15%","29.75","1.64","6.53","Analyze"
"JPM","JP Morgan Chase & Co","Common stocks","Large cap","Financials","$454,933,657,430","2.38%","9.56","3.74","1.59","Analyze"
"JNJ","Johnson & Johnson","Common stocks","Large cap","Health Care","$441,618,141,550","2.47%","24.62","4.83","6.26","Analyze"
"HD","Home Depot Inc","Common stocks","Large cap","Consumer Discretionary","$406,626,735,524","1.68%","32.93","2.83","393.96","Analyze"
"WMT","Walmart Stores Inc","Common stocks","Large cap","Consumer Staples","$386,123,881,354","1.57%","48.29","0.68","4.71","Analyze"
"PG","Procter & Gamble","Common stocks","Large cap","Consumer Staples","$382,012,962,707","2.13%","27.00","4.95","8.28","Analyze"
"BAC","Bank of America Corp","Common stocks","Large cap","Financials","$353,225,066,821","1.79%","12.47","4.00","1.33","Analyze"
"PFE","Pfizer Inc","Common stocks","Large cap","Health Care","$342,497,119,810","2.52%","17.25","5.39","4.37","Analyze"
"MA","Mastercard Inc Class A","Common stocks","Large cap","Information Technology","$328,496,461,219","0.52%","42.24","18.47","51.00","Analyze"
"AVGO","Broadcom Inc.","Common stocks","Large cap","Information Technology","$266,316,095,579","2.22%","41.45","9.70","10.69","Analyze"
"DIS","Walt Disney","Common stocks","Large cap","Communication Services","$266,232,066,704","0.59%","137.62","3.95","3.10","Analyze"
"NFLX","Netflix Inc","Common stocks","Large cap","Communication Services","$262,311,368,050","0.00%","52.91","9.16","17.45","Analyze"
"ADBE","Adobe Inc","Common stocks","Large cap","Information Technology","$261,910,428,000","0.00%","55.08","16.59","17.95","Analyze"
"TMO","Thermo Fisher Scientific Inc","Common stocks","Large cap","Health Care","$255,863,303,851","0.16%","29.69","6.55","6.57","Analyze"
"CSCO","Cisco Systems Inc","Common stocks","Large cap","Information Technology","$254,574,731,660","2.41%","22.58","5.01","6.03","Analyze"
"ACN","Accenture Plc Class A","Common stocks","Large cap","Information Technology","$253,971,619,483","0.93%","41.73","4.73","12.35","Analyze"
"LLY","Eli Lilly","Common stocks","Large cap","Health Care","$252,042,963,708","1.28%","42.43","9.08","32.67","Analyze"
"XOM","Exxon Mobil Corp","Common stocks","Large cap","Energy","$250,457,814,195","5.78%","-43.41","1.04","1.59","Analyze"
"KO","Coca-Cola","Common stocks","Large cap","Consumer Staples","$248,539,440,379","2.89%","28.31","6.57","11.25","Analyze"
"NKE","Nike Inc Class B","Common stocks","Large cap","Consumer Discretionary","$246,431,915,912","0.72%","44.06","0.00","14.84","Analyze"
"ORCL","Oracle Corp","Common stocks","Large cap","Information Technology","$244,719,763,080","1.30%","23.81","5.91","-25.30","Analyze"
"CRM","Salesforce.Com Inc","Common stocks","Large cap","Information Technology","$243,501,850,000","0.00%","143.05","9.75","4.36","Analyze"
"COST","Costco Wholesale Corp","Common stocks","Large cap","Consumer Staples","$243,250,331,676","0.56%","46.83","1.23","13.77","Analyze"
"ABT","Abbott Laboratories","Common stocks","Large cap","Health Care","$238,683,375,076","1.33%","33.02","5.64","6.95","Analyze"
"PEP","Pepsico Inc","Common stocks","Large cap","Consumer Staples","$234,249,061,603","2.48%","28.69","3.05","14.72","Analyze"
"ABBV","Abbvie Inc","Common stocks","Large cap","Health Care","$231,252,590,118","3.90%","30.48","4.19","16.95","Analyze"
"DHR","Danaher Corp","Common stocks","Large cap","Health Care","$224,584,363,844","0.26%","39.21","8.00","5.16","Analyze"
"VZ","Verizon Communications Inc","Common stocks","Large cap","Communication Services","$222,859,814,174","5.89%","10.05","1.66","2.88","Analyze"
"CMCSA","Comcast A Corp","Common stocks","Large cap","Communication Services","$220,678,767,628","2.02%","15.38","1.94","2.33","Analyze"
"CVX","Chevron Corp","Common stocks","Large cap","Energy","$219,081,504,694","4.59%","22.47","1.63","1.64","Analyze"
"PYPL","Paypal Holdings Inc","Common stocks","Large cap","Information Technology","$214,636,243,821","0.00%","45.03","8.74","10.06","Analyze"
"INTC","Intel Corporation Corp","Common stocks","Large cap","Information Technology","$201,723,200,000","2.77%","9.78","2.57","2.29","Analyze"
"QCOM","Qualcomm Inc","Common stocks","Large cap","Information Technology","$197,870,400,000","1.53%","22.24","5.90","20.21","Analyze"
"MCD","Mcdonalds Corp","Common stocks","Large cap","Consumer Discretionary","$195,576,545,609","1.99%","27.12","8.68","-34.81","Analyze"
"MRK","Merck & Co Inc","Common stocks","Large cap","Health Care","$193,007,376,150","3.41%","26.52","3.93","5.33","Analyze"
"WFC","Wells Fargo","Common stocks","Large cap","Financials","$192,385,332,534","1.28%","11.20","2.56","1.04","Analyze"
"NEE","Nextera Energy Inc","Common stocks","Large cap","Utilities","$176,198,751,483","1.70%","75.11","10.73","4.84","Analyze"
"UPS","United Parcel Service Inc Class B","Common stocks","Large cap","Industrials","$174,980,492,000","2.00%","23.41","1.85","12.54","Analyze"
"T","AT&T Inc.","Common stocks","Large cap","Communication Services","$172,716,600,000","8.44%","185.08","0.99","1.07","Analyze"
"MS","Morgan Stanley","Common stocks","Large cap","Financials","$171,133,068,053","2.19%","12.32","3.11","1.66","Analyze"
"TXN","Texas Instrument Inc","Common stocks","Large cap","Information Technology","$170,150,438,899","2.27%","23.56","9.67","14.16","Analyze"
"LIN","Linde Plc","Common stocks","Large cap","Materials","$169,307,078,744","1.28%","47.79","5.69","3.85","Analyze"
"INTU","Intuit Inc","Common stocks","Large cap","Information Technology","$165,695,823,513","0.40%","84.07","16.06","18.07","Analyze"
"LOW","Lowes Companies Inc","Common stocks","Large cap","Consumer Discretionary","$165,485,784,562","1.13%","20.34","1.74","-105.59","Analyze"
"AMD","Advanced Micro Devices Inc","Common stocks","Large cap","Information Technology","$163,993,499,789","0.00%","43.89","11.04","24.41","Analyze"
"UNP","Union Pacific Corp","Common stocks","Large cap","Industrials","$154,701,608,448","1.77%","25.15","7.29","11.19","Analyze"
"SCHW","Charles Schwab Corporation","Common stocks","Large cap","Financials","$151,604,169,236","0.89%","30.37","8.43","2.62","Analyze"
"TMUS","T Mobile US Inc","Common stocks","Large cap","Communication Services","$148,624,879,416","0.00%","45.13","1.87","2.21","Analyze"
"PM","Philip Morris International Inc","Common stocks","Large cap","Consumer Staples","$144,567,018,365","5.13%","16.13","4.70","-13.73","Analyze"
"HON","Honeywell International Inc","Common stocks","Large cap","Industrials","$137,581,331,554","0.92%","25.37","3.97","7.78","Analyze"
"BMY","Bristol Myers Squibb","Common stocks","Large cap","Health Care","$136,996,485,388","3.14%","-25.24","3.01","3.67","Analyze"
"BLK","Blackrock Inc","Common stocks","Large cap","Financials","$136,313,763,750","1.83%","23.83","7.27","3.76","Analyze"
"MDT","Medtronic Plc","Common stocks","Large cap","Health Care","$133,823,836,242","1.84%","29.05","4.21","2.62","Analyze"
"CVS","CVS Health Corp","Common stocks","Large cap","Health Care","$132,428,284,470","1.98%","17.56","0.46","1.79","Analyze"
"AMAT","Applied Material Inc","Common stocks","Large cap","Information Technology","$128,843,306,092","0.81%","22.85","5.59","10.99","Analyze"
"AMT","American Tower Corporation","REITs","Large cap","Real Estate","$126,814,498,067","1.79%","51.04","14.04","23.38","Analyze"
"SBUX","Starbucks Corp","Common stocks","Large cap","Consumer Discretionary","$126,811,188,000","1.69%","30.83","4.36","-24.33","Analyze"
"EL","Estee Lauder Inc Class A","Common stocks","Large cap","Consumer Staples","$124,949,685,544","0.63%","26.90","7.33","13.44","Analyze"
"GS","Goldman Sachs Group Inc","Common stocks","Large cap","Financials","$124,412,419,298","1.74%","5.87","2.07","1.20","Analyze"
"AMGN","Amgen Inc","Common stocks","Large cap","Health Care","$123,912,865,781","3.16%","22.19","4.81","15.14","Analyze"
"RTX","Raytheon Technologies Corporation","Common stocks","Large cap","Industrials","$121,283,900,434","2.45%","37.81","1.90","1.76","Analyze"
"AXP","American Express","Common stocks","Large cap","Financials","$120,745,497,582","1.10%","16.18","3.02","5.10","Analyze"
"NOW","Servicenow Inc","Common stocks","Large cap","Information Technology","$120,468,630,000","0.00%","569.38","21.78","35.55","Analyze"
"PLD","Prologis, Inc","REITs","Large cap","Real Estate","$119,319,984,530","1.55%","60.44","25.97","3.66","Analyze"
"ISRG","Intuitive Surgical Inc","Common stocks","Large cap","Health Care","$118,641,933,907","0.00%","59.70","21.62","10.90","Analyze"
"C","Citigroup Inc","Common stocks","Large cap","Financials","$118,121,040,465","3.46%","5.59","1.65","0.60","Analyze"
"CHTR","Charter Communications Inc Class A","Common stocks","Large cap","Communication Services","$115,958,294,373","0.00%","26.93","2.27","6.78","Analyze"
"IBM","International Business Machines Co","Common stocks","Large cap","Information Technology","$113,886,428,475","5.06%","24.25","1.53","5.20","Analyze"
"MRNA","Moderna, Inc.","Common stocks","Large cap","Health Care","$112,058,140,272","0.00%","15.40","9.47","10.74","Analyze"
"SPGI","S&P Global Inc","Common stocks","Large cap","Financials","$110,941,940,000","0.67%","40.45","13.74","61.46","Analyze"
"ZTS","Zoetis Inc","Common stocks","Large cap","Health Care","$110,834,455,062","0.43%","56.73","14.55","24.03","Analyze"
"BA","Boeing","Common stocks","Large cap","Industrials","$110,769,549,740","0.00%","-13.83","1.76","-8.12","Analyze"
"ANTM","Anthem Inc","Common stocks","Large cap","Health Care","$106,663,391,515","1.02%","19.64","0.80","3.03","Analyze"
"CAT","Caterpillar Inc","Common stocks","Large cap","Industrials","$105,732,445,136","2.17%","20.83","2.18","6.44","Analyze"
"TGT","Target Corp","Common stocks","Large cap","Consumer Discretionary","$105,019,171,586","1.44%","15.55","1.02","7.64","Analyze"
"DE","Deere & Company","Common stocks","Large cap","Industrials","$104,106,550,122","1.06%","18.03","2.36","5.83","Analyze"
"MMM","3M","Common stocks","Large cap","Industrials","$99,896,107,998","3.39%","16.76","2.83","6.92","Analyze"
"GE","General Electric","Common stocks","Large cap","Industrials","$98,810,378,777","0.36%","-244.48","1.30","2.73","Analyze"
"ADP","Automatic Data Processing Inc","Common stocks","Large cap","Information Technology","$96,648,643,873","1.66%","36.24","6.29","18.27","Analyze"
"SYK","Stryker Corp","Common stocks","Large cap","Health Care","$93,433,143,313","1.01%","50.85","5.61","6.81","Analyze"
"LRCX","Lam Research Corp","Common stocks","Large cap","Information Technology","$93,079,202,613","0.84%","22.55","5.91","16.52","Analyze"
"LMT","Lockheed Martin Corp","Common stocks","Large cap","Industrials","$93,055,860,585","3.11%","15.51","1.40","9.76","Analyze"
"MU","Micron Technology Inc","Common stocks","Large cap","Information Technology","$91,887,524,510","0.12%","20.08","0.00","2.21","Analyze"
"GILD","Gilead Sciences Inc","Common stocks","Large cap","Health Care","$90,905,173,839","3.86%","12.19","3.31","4.20","Analyze"
"BKNG","Booking Holdings Inc","Common stocks","Large cap","Consumer Discretionary","$90,698,972,494","0.00%","254.31","9.84","17.52","Analyze"
"COP","ConocoPhillips","Common stocks","Large cap","Energy","$90,479,755,076","2.53%","19.92","2.50","2.11","Analyze"
"MDLZ","Mondelez International Inc","Common stocks","Large cap","Consumer Staples","$90,366,294,711","1.98%","20.15","3.19","3.24","Analyze"
"MO","Altria Group Inc","Common stocks","Large cap","Consumer Staples","$88,377,532,226","7.05%","31.66","4.19","-69.26","Analyze"
"SHW","Sherwin Williams","Common stocks","Large cap","Materials","$88,016,641,035","0.65%","44.58","4.47","32.60","Analyze"
"CCI","Crown Castle International Corp.","REITs","Large cap","Real Estate","$87,361,242,518","2.67%","68.66","14.14","10.08","Analyze"
"TJX","TJX Companies, Inc.","Common stocks","Large cap","Consumer Discretionary","$86,459,825,997","1.43%","46.97","1.89","13.72","Analyze"
"MMC","Marsh & McLennan Inc","Common stocks","Large cap","Financials","$84,973,890,266","1.18%","31.41","4.45","8.76","Analyze"
"PNC","PNC Financial Services Group, Inc.","Common stocks","Large cap","Financials","$81,379,487,388","2.47%","14.81","4.47","1.48","Analyze"
"USB","US Bancorp","Common stocks","Large cap","Financials","$81,361,108,647","3.10%","11.12","3.57","1.54","Analyze"
"CB","Chubb Ltd","Common stocks","Large cap","Financials","$80,018,807,586","1.70%","9.15","1.98","1.36","Analyze"
"DUK","Duke Energy Corp","Common stocks","Large cap","Utilities","$79,757,228,785","3.71%","26.29","3.24","1.61","Analyze"
"CME","CME Group Inc Class A","Common stocks","Large cap","Financials","$79,753,603,863","1.61%","33.24","17.18","2.97","Analyze"
"CSX","CSX Corp","Common stocks","Large cap","Industrials","$79,606,250,582","1.05%","22.47","6.68","6.16","Analyze"
"GM","General Motors","Common stocks","Large cap","Consumer Discretionary","$78,458,530,288","0.00%","7.27","0.60","1.47","Analyze"
"HCA","HCA Healthcare, Inc.","Common stocks","Large cap","Health Care","$76,393,420,136","0.78%","11.70","1.32","-110.55","Analyze"
"F","Ford Motor Company","Common stocks","Large cap","Consumer Discretionary","$76,231,062,672","0.51%","26.85","0.57","2.10","Analyze"
"EW","Edwards Lifesciences Corp","Common stocks","Large cap","Health Care","$74,938,869,555","0.00%","52.57","14.71","14.02","Analyze"
"ICE","Intercontinental Exchange Inc","Common stocks","Large cap","Financials","$74,684,878,780","0.99%","24.71","8.23","3.50","Analyze"
"TFC","Truist Financial Corporation","Common stocks","Large cap","Financials","$74,313,411,252","3.30%","13.29","3.33","1.11","Analyze"
"EQIX","Equinix, Inc.","REITs","Large cap","Real Estate","$74,045,380,820","1.39%","169.30","11.40","6.85","Analyze"
"ITW","Illinois Tool Inc","Common stocks","Large cap","Industrials","$73,937,743,581","1.95%","27.24","5.19","21.28","Analyze"
"BDX","Becton Dickinson","Common stocks","Large cap","Health Care","$71,947,797,022","1.32%","35.86","3.55","3.03","Analyze"
"MCO","Moodys Corp","Common stocks","Large cap","Financials","$71,932,146,000","0.64%","34.62","12.05","29.93","Analyze"
"CI","Cigna Corp","Common stocks","Large cap","Health Care","$71,919,827,175","1.83%","8.71","0.42","1.54","Analyze"
"NSC","Norfolk Southern Corp","Common stocks","Large cap","Industrials","$71,484,075,998","1.47%","23.80","6.58","5.00","Analyze"
"SO","Southern Co","Common stocks","Large cap","Utilities","$71,134,039,849","3.84%","23.48","3.17","2.43","Analyze"
"CL","Colgate-Palmolive","Common stocks","Large cap","Consumer Staples","$69,551,873,981","2.15%","25.96","4.01","117.07","Analyze"
"WM","Waste Management Inc","Common stocks","Large cap","Industrials","$67,177,423,771","1.42%","38.30","3.88","9.33","Analyze"
"FISV","Fiserv Inc","Common stocks","Large cap","Information Technology","$66,366,513,403","0.00%","53.42","4.20","2.20","Analyze"
"APD","Air Products And Chemicals Inc","Common stocks","Large cap","Materials","$65,399,100,684","1.96%","31.23","6.34","4.84","Analyze"
"ETN","Eaton Corporation, PLC","Common stocks","Large cap","Industrials","$65,394,316,000","1.84%","32.23","3.35","4.17","Analyze"
"FDX","FedEx Corporation","Common stocks","Large cap","Industrials","$65,063,221,928","1.18%","13.59","0.73","2.68","Analyze"
"ECL","Ecolab Inc","Common stocks","Large cap","Materials","$64,196,808,114","0.87%","57.22","5.16","9.32","Analyze"
"PSA","Public Storage","REITs","Large cap","Real Estate","$64,174,508,323","2.17%","41.45","19.74","7.04","Analyze"
"AON","Aon Plc","Common stocks","Large cap","Financials","$64,010,970,591","0.68%","70.53","5.30","29.25","Analyze"
"REGN","Regeneron Pharmaceuticals Inc","Common stocks","Large cap","Health Care","$63,763,800,968","0.00%","9.17","4.71","3.72","Analyze"
"FIS","Fidelity National Information Services","Common stocks","Large cap","Information Technology","$63,725,273,899","1.48%","290.97","4.71","1.42","Analyze"
"D","Dominion Energy Inc","Common stocks","Large cap","Utilities","$63,029,671,779","3.19%","23.87","4.63","2.32","Analyze"
"ADI","Analog Devices Inc","Common stocks","Large cap","Information Technology","$61,977,837,877","1.63%","45.57","8.47","1.67","Analyze"
"ADSK","Autodesk Inc","Common stocks","Large cap","Information Technology","$60,519,086,485","0.00%","46.76","14.36","48.23","Analyze"
"PGR","Progressive Corp","Common stocks","Large cap","Financials","$59,395,660,631","6.22%","14.61","1.27","3.19","Analyze"
"COF","Capital One Financial Corp","Common stocks","Large cap","Financials","$58,884,811,724","1.44%","5.03","1.96","0.96","Analyze"
"NOC","Northrop Grumman Corp","Common stocks","Large cap","Industrials","$58,651,001,028","1.66%","12.97","1.57","5.26","Analyze"
"ILMN","Illumina Inc","Common stocks","Large cap","Health Care","$58,487,460,000","0.00%","65.46","13.67","5.60","Analyze"
"KLAC","KLA-Tencor Corporation","Common stocks","Large cap","Information Technology","$58,450,344,608","1.01%","22.77","7.83","16.08","Analyze"
"HUM","Humana Inc","Common stocks","Large cap","Health Care","$57,981,818,670","0.60%","21.65","0.72","3.56","Analyze"
"NXPI","NXP Semiconductors Nv","Common stocks","Large cap","Information Technology","$57,880,371,645","1.03%","37.81","5.50","8.86","Analyze"
"BSX","Boston Scientific Corp","Common stocks","Large cap","Health Care","$56,287,202,842","0.00%","53.21","4.91","3.56","Analyze"
"GD","General Dynamics Corp","Common stocks","Large cap","Industrials","$55,475,991,864","2.33%","17.16","1.44","3.61","Analyze"
"FCX","Freeport-McMoRan, Inc.","Common stocks","Large cap","Materials","$54,950,278,969","0.60%","14.72","2.59","4.31","Analyze"
"VRTX","Vertex Pharmaceuticals Inc","Common stocks","Large cap","Health Care","$54,768,409,965","0.00%","25.54","7.68","5.83","Analyze"
"INFO","IHS Markit Ltd","Common stocks","Large cap","Industrials","$54,425,374,295","0.62%","84.78","11.86","5.91","Analyze"
"FTNT","Fortinet Inc","Common stocks","Large cap","Information Technology","$54,041,585,589","0.00%","99.62","17.28","49.61","Analyze"
"JCI","Johnson Controls International Plc","Common stocks","Large cap","Industrials","$53,487,002,076","1.51%","33.20","2.26","3.09","Analyze"
"EMR","Emerson Electric","Common stocks","Large cap","Industrials","$53,219,754,000","2.25%","23.51","2.92","5.48","Analyze"
"SNPS","Synopsys Inc","Common stocks","Large cap","Information Technology","$53,106,542,473","0.00%","72.73","12.63","10.40","Analyze"
"DXCM","Dexcom Inc","Common stocks","Large cap","Health Care","$52,811,847,106","0.00%","103.62","22.77","25.68","Analyze"
"EXC","Exelon Corp","Common stocks","Large cap","Utilities","$52,216,264,044","2.83%","31.51","1.50","1.56","Analyze"
"IDXX","Idexx Laboratories Inc","Common stocks","Large cap","Health Care","$51,224,666,529","0.00%","69.92","16.34","70.11","Analyze"
"DG","Dollar General Corp","Common stocks","Large cap","Consumer Discretionary","$51,068,113,482","0.73%","21.02","1.50","8.30","Analyze"
"IQV","IQVIA Holdings, Inc.","Common stocks","Large cap","Health Care","$50,754,275,825","0.00%","67.11","3.75","8.83","Analyze"
"TEL","TE Connectivity Ltd","Common stocks","Large cap","Information Technology","$49,948,785,250","1.29%","22.63","3.35","4.81","Analyze"
"MET","Metlife Inc","Common stocks","Large cap","Financials","$49,283,575,708","3.21%","9.57","0.74","0.73","Analyze"
"ROP","Roper Technologies Inc","Common stocks","Large cap","Industrials","$49,232,935,148","0.48%","44.43","8.09","4.39","Analyze"
"CDNS","Cadence Design Systems Inc","Common stocks","Large cap","Information technology","$49,142,642,120","0.00%","73.18","16.52","19.28","Analyze"
"EOG","EOG Resources Inc","Common stocks","Large cap","Energy","$48,901,820,612","1.87%","16.75","2.94","2.49","Analyze"
"MAR","Marriott International Inc","Common stocks","Large cap","Consumer Discretionary","$48,748,246,408","0.00%","110.41","4.21","56.17","Analyze"
"XLNX","Xilinx Inc","Common stocks","Large cap","Information Technology","$48,621,743,402","0.19%","63.98","14.02","15.07","Analyze"
"DLR","Digital Realty Trust, Inc","REITs","Large cap","Real Estate","$48,570,223,094","2.68%","72.17","11.09","2.79","Analyze"
"APH","Amphenol Corp","Common stocks","Large cap","Information Technology","$48,523,974,231","0.78%","33.50","4.72","8.35","Analyze"
"MNST","Monster Beverage Corp","Common stocks","Large cap","Consumer Staples","$48,490,308,499","0.00%","32.13","9.13","7.86","Analyze"
"ATVI","Activision Blizzard Inc","Common stocks","Large cap","Communication Services","$48,135,314,491","0.76%","18.75","5.32","2.92","Analyze"
"CNC","Centene Corp","Common stocks","Large cap","Health Care","$48,092,311,655","0.00%","65.79","0.40","1.83","Analyze"
"SPG","Simon Property Group, Inc","REITs","Large cap","Real Estate","$48,065,954,812","4.79%","25.20","9.77","15.03","Analyze"
"MSCI","MSCI Inc","Common stocks","Large cap","Financials","$47,761,381,420","0.63%","71.23","24.65","-175.08","Analyze"
"KMB","Kimberly Clark Corp","Common stocks","Large cap","Consumer Staples","$47,578,072,819","3.19%","23.50","2.46","98.95","Analyze"
"CMG","Chipotle Mexican Grill Inc","Common stocks","Large cap","Consumer Discretionary","$47,262,980,415","0.00%","68.27","6.57","20.99","Analyze"
"ALGN","Align Technology Inc","Common stocks","Large cap","Health Care","$46,833,991,802","0.00%","66.99","12.47","14.10","Analyze"
"NEM","Newmont Corporation","Common stocks","Large cap","Materials","$46,817,426,698","3.70%","22.79","3.83","2.04","Analyze"
"BK","Bank Of New York Mellon Corp","Common stocks","Large cap","Financials","$46,642,373,638","2.28%","13.93","3.02","1.10","Analyze"
"MCHP","Microchip Technology Inc","Common stocks","Large cap","Information Technology","$45,832,320,811","0.65%","73.19","7.59","8.30","Analyze"
"TT","Trane Technologies plc","Common stocks","Large cap","Industrials","$45,562,581,542","1.22%","34.20","3.31","7.13","Analyze"
"A","Agilent Technologies Inc","Common stocks","Large cap","Health Care","$45,426,959,885","0.51%","38.43","7.19","8.63","Analyze"
"ORLY","Oreilly Automotive Inc","Common stocks","Large cap","Consumer Discretionary","$45,318,035,366","0.00%","22.30","3.52","-322.76","Analyze"
"STZ","Constellation Brands Class A","Common stocks","Large cap","Consumer Staples","$44,883,005,181","1.26%","16.36","5.11","3.54","Analyze"
"PAYX","Paychex Inc","Common stocks","Large cap","Information Technology","$44,641,133,241","2.08%","37.38","10.61","14.98","Analyze"
"CTAS","Cintas Corp","Common stocks","Large cap","Industrials","$44,459,073,863","0.79%","39.61","6.12","13.65","Analyze"
"CARR","Carrier Global Corporation","Common stocks","Large cap","Industrials","$44,117,838,888","0.94%","20.31","2.20","6.55","Analyze"
"AEP","American Electric Power Inc","Common stocks","Large cap","Utilities","$43,933,535,785","3.39%","18.32","2.69","1.96","Analyze"
"AIG","American International Group Inc","Common stocks","Large cap","Financials","$43,931,046,439","2.40%","8.23","0.92","0.71","Analyze"
"CTSH","Cognizant Technology Solutions","Common stocks","Large cap","Information Technology","$43,548,621,266","1.15%","23.84","2.43","3.88","Analyze"
"MSI","Motorola Solutions Inc","Common stocks","Large cap","Information Technology","$43,220,867,179","1.14%","35.18","5.32","-168.00","Analyze"
"KHC","Kraft Heinz","Common stocks","Large cap","Consumer Staples","$43,171,977,599","4.46%","18.62","1.64","0.86","Analyze"
"TROW","T Rowe Price Group Inc","Common stocks","Large cap","Financials","$42,442,043,801","2.25%","13.80","5.70","5.18","Analyze"
"RSG","Republic Services Inc","Common stocks","Large cap","Industrials","$42,401,915,987","1.29%","34.88","3.88","4.77","Analyze"
"WBA","Walgreen Boots Alliance Inc","Common stocks","Large cap","Consumer Staples","$42,267,851,441","3.82%","17.01","0.31","1.85","Analyze"
"PXD","Pioneer Natural Resource","Common stocks","Large cap","Energy","$42,149,683,478","1.80%","32.81","2.95","1.87","Analyze"
"APTV","Aptiv Plc","Common stocks","Large cap","Consumer Discretionary","$41,486,048,510","0.00%","53.77","2.64","5.15","Analyze"
"EBAY","Ebay Inc","Common stocks","Large cap","Consumer Discretionary","$41,467,059,801","1.12%","3.32","3.75","3.78","Analyze"
"BAX","Baxter International Inc","Common stocks","Large cap","Health Care","$41,312,215,817","1.31%","34.59","3.32","4.79","Analyze"
"AZO","Autozone Inc","Common stocks","Large cap","Consumer Discretionary","$41,151,175,943","0.00%","17.99","2.72","-19.33","Analyze"
"GIS","General Mills Inc","Common stocks","Large cap","Consumer Staples","$41,059,891,321","2.98%","24.04","0.00","4.02","Analyze"
"SBAC","SBA Communications Corporation","REITs","Large cap","Real Estate","$41,012,430,291","0.62%","138.66","18.23","-8.24","Analyze"
"SRE","Sempra Energy","Common stocks","Large cap","Utilities","$40,730,328,619","3.44%","38.57","3.34","1.67","Analyze"
"SLB","Schlumberger Nv","Common stocks","Large cap","Energy","$39,932,949,723","1.75%","24.97","1.80","3.09","Analyze"
"LHX","L3Harris Technologies, Inc.","Common stocks","Large cap","Industrials","$39,641,469,247","2.01%","26.14","2.19","2.09","Analyze"
"DOW","Dow Inc.","Common stocks","Large cap","Materials","$39,576,767,186","5.14%","6.92","0.77","2.44","Analyze"
"DD","DuPont de Nemours, Inc.","Common stocks","Large cap","Materials","$39,339,093,805","1.59%","6.17","2.23","1.50","Analyze"
"HLT","Hilton Worldwide Holdings Inc","Common stocks","Large cap","Consumer Discretionary","$39,124,162,502","0.00%","1,061.65","8.08","-36.71","Analyze"
"HPQ","HP Inc","Common stocks","Large cap","Information Technology","$39,118,766,057","2.29%","6.16","0.62","-24.29","Analyze"
"HSY","Hershey Foods","Common stocks","Large cap","Consumer Staples","$39,086,986,180","1.80%","19.00","4.43","10.77","Analyze"
"ROK","Rockwell Automation Inc","Common stocks","Large cap","Industrials","$39,038,342,672","1.28%","29.02","5.58","16.49","Analyze"
"YUM","Yum Brands Inc","Common stocks","Large cap","Consumer Discretionary","$38,567,522,362","1.51%","24.79","5.99","-4.98","Analyze"
"PRU","Prudential Financial Inc","Common stocks","Large cap","Financials","$38,408,580,000","4.45%","5.48","0.54","0.65","Analyze"
"ODFL","Old Dominion Freight Line Inc","Common stocks","Large cap","Industrials","$38,396,479,772","0.24%","41.29","7.81","11.42","Analyze"
"PPG","PPG Industries Inc","Common stocks","Large cap","Materials","$38,145,569,060","1.40%","27.31","2.33","6.22","Analyze"
"PH","Parker-Hannifin Corp","Common stocks","Large cap","Industrials","$38,089,261,770","1.33%","20.92","2.56","4.62","Analyze"
"TRV","Travelers Companies Inc","Common stocks","Large cap","Financials","$37,769,713,715","2.25%","10.55","1.10","1.34","Analyze"
"MPC","Marathon Petroleum Corp","Common stocks","Large cap","Energy","$37,495,445,650","3.76%","4.22","0.37","1.38","Analyze"
"SIVB","SVB Financial Group","Common stocks","Large cap","Financials","$37,421,428,635","0.00%","21.84","6.72","2.73","Analyze"
"ROST","Ross Stores Inc","Common stocks","Large cap","Consumer Discretionary","$37,403,485,747","1.07%","34.88","2.16","9,628.89","Analyze"
"EA","Electronic Arts Inc","Common stocks","Large cap","Communication Services","$36,742,433,939","0.52%","47.62","5.74","4.76","Analyze"
"AFL","Aflac Inc","Common stocks","Large cap","Financials","$36,622,202,204","2.36%","8.87","1.62","1.12","Analyze"
"SYY","Sysco Corp","Common stocks","Large cap","Consumer Staples","$36,506,258,185","2.56%","55.72","0.65","22.82","Analyze"
"IFF","International Flavors & Fragrances","Common stocks","Large cap","Materials","$36,219,491,776","2.16%","146.70","3.66","1.70","Analyze"
"XEL","Xcel Energy Inc","Common stocks","Large cap","Utilities","$36,155,904,258","2.66%","22.76","2.78","2.36","Analyze"
"DHI","D R Horton Inc","Common stocks","Large cap","Consumer Discretionary","$36,144,961,420","0.81%","8.84","1.30","2.48","Analyze"
"RMD","Resmed Inc","Common stocks","Large cap","Health Care","$36,143,710,910","0.65%","75.12","10.79","12.41","Analyze"
"ADM","Archer-Daniels-Midland Company","Common stocks","Large cap","Consumer Staples","$35,927,317,717","2.29%","13.87","0.45","1.65","Analyze"
"GPN","Global Payments Inc","Common stocks","Large cap","Information Technology","$35,882,974,294","0.72%","40.71","4.34","1.46","Analyze"
"MCK","Mckesson Corp","Common stocks","Large cap","Health Care","$35,768,851,029","0.76%","-7.50","0.14","-63.13","Analyze"
"MTD","Mettler Toledo Inc","Common stocks","Large cap","Health Care","$35,729,591,702","0.00%","47.88","9.87","226.94","Analyze"
"VRSK","Verisk Analytics Inc","Common stocks","Large cap","Industrials","$35,666,623,901","0.52%","51.07","12.11","13.18","Analyze"
"MTCH","Match Group Inc","Common stocks","Large cap","Communication Services","$35,623,455,662","1.59%","63.42","12.59","-544.58","Analyze"
"KEYS","Keysight Technologies Inc","Common stocks","Large cap","Information Technology","$35,550,510,077","0.00%","40.45","7.20","9.56","Analyze"
"EPAM","Epam Systems Inc","Common stocks","Large cap","Information Technology","$35,337,986,844","0.00%","86.63","10.47","15.74","Analyze"
"FAST","Fastenal","Common stocks","Large cap","Industrials","$35,269,016,867","1.81%","39.81","6.04","11.95","Analyze"
"OTIS","Otis Worldwide Corporation","Common stocks","Large cap","Industrials","$34,971,228,888","0.87%","29.41","2.46","-9.28","Analyze"
"WELL","Welltower Inc","REITs","Large cap","Real Estate","$34,965,602,834","3.00%","81.53","7.69","2.13","Analyze"
"BIIB","Biogen Inc","Common stocks","Large cap","Health Care","$34,807,697,036","0.00%","22.30","3.14","3.30","Analyze"
"KMI","Kinder Morgan Inc","Common stocks","Large cap","Energy","$34,541,776,946","6.88%","20.24","2.26","1.16","Analyze"
"TWTR","Twitter Inc","Common stocks","Large cap","Communication Services","$34,367,232,170","0.00%","-195.98","7.16","4.95","Analyze"
"AJG","Arthur J Gallagher","Common stocks","Large cap","Financials","$34,047,484,280","1.16%","36.17","4.29","4.04","Analyze"
"FRC","First Republic Bank","Common stocks","Large cap","Financials","$33,785,095,140","0.44%","22.65","7.22","1.97","Analyze"
"AVB","AvalonBay Communities, Inc","REITs","Large cap","Real Estate","$33,754,419,709","2.60%","33.91","15.01","3.18","Analyze"
"BF.B","Brown Forman Inc Class B","Common stocks","Large cap","Consumer Staples","$33,700,445,711","0.99%","28.97","9.30","8.37","Analyze"
"ANSS","Ansys Inc","Common stocks","Large cap","Information Technology","$33,673,530,994","0.00%","74.06","17.96","7.97","Analyze"
"CPRT","Copart Inc","Common stocks","Large cap","Industrials","$33,671,273,924","0.00%","34.16","11.57","8.97","Analyze"
"EFX","Equifax Inc","Common stocks","Large cap","Industrials","$33,668,759,198","0.56%","48.16","7.03","9.65","Analyze"
"KR","Kroger","Common stocks","Large cap","Consumer Staples","$33,461,480,718","1.70%","29.62","0.25","3.40","Analyze"
"ARE","Alexandria Real Estate Equities, Inc","REITs","Large cap","Real Estate","$33,334,380,683","2.04%","36.00","16.66","2.29","Analyze"
"NDAQ","Nasdaq Inc","Common stocks","Large cap","Financials","$33,193,567,993","1.06%","29.36","5.64","5.33","Analyze"
"AWK","American Water Works Inc","Common stocks","Large cap","Utilities","$33,152,423,540","1.28%","43.13","8.50","4.79","Analyze"
"CBRE","CBRE Group Inc","Common stocks","Large cap","Real Estate","$33,115,187,441","0.00%","23.70","1.27","4.34","Analyze"
"CTVA","Corteva, Inc.","Common stocks","Large cap","Materials","$32,625,966,840","1.20%","20.35","2.12","1.35","Analyze"
"EQR","Equity Residential","REITs","Large cap","Real Estate","$32,525,156,934","2.75%","31.25","13.37","3.09","Analyze"
"WST","West Pharmaceutical Services Inc","Common stocks","Large cap","Health Care","$32,523,217,276","0.16%","53.52","12.13","14.95","Analyze"
"PEG","Public Service Enterprise Group Inc","Common stocks","Large cap","Utilities","$32,402,434,544","3.16%","-49.11","3.57","2.31","Analyze"
"ALL","Allstate Corp","Common stocks","Large cap","Financials","$32,196,586,165","2.86%","9.87","0.65","1.22","Analyze"
"AME","Ametek Inc","Common stocks","Large cap","Industrials","$32,151,884,822","0.57%","35.00","6.13","4.96","Analyze"
"DFS","Discover Financial Services","Common stocks","Large cap","Financials","$32,126,964,153","1.71%","6.76","2.68","2.54","Analyze"
"TDG","Transdigm Group Inc","Common stocks","Large cap","Industrials","$32,102,926,415","0.00%","49.50","6.69","-11.54","Analyze"
"LEN","Lennar Corporation Class A","Common stocks","Large cap","Consumer Discretionary","$32,029,440,197","0.94%","6.67","1.18","1.41","Analyze"
"NUE","Nucor Corp","Common stocks","Large cap","Materials","$31,760,828,868","1.45%","6.32","1.01","2.40","Analyze"
"AMP","Ameriprise Finance Inc","Common stocks","Large cap","Financials","$31,756,567,861","1.55%","14.74","2.46","5.77","Analyze"
"STT","State Street Corp","Common stocks","Large cap","Financials","$30,949,630,571","2.34%","13.17","2.87","1.16","Analyze"
"TSN","Tyson Foods Inc Class A","Common stocks","Large cap","Consumer Staples","$30,893,298,240","2.10%","8.25","0.66","1.42","Analyze"
"ES","Eversource Energy","Common stocks","Large cap","Utilities","$30,829,067,162","2.66%","25.79","3.21","2.12","Analyze"
"GLW","Corning Inc","Common stocks","Large cap","Information Technology","$30,808,045,370","2.64%","36.66","2.24","2.55","Analyze"
"WMB","Williams Inc","Common stocks","Large cap","Energy","$30,801,005,405","6.32%","30.93","3.13","2.78","Analyze"
"DLTR","Dollar Tree Inc","Common stocks","Large cap","Consumer Discretionary","$30,679,507,326","0.00%","20.91","1.18","4.24","Analyze"
"ZBRA","Zebra Technologies Corp","Common stocks","Large cap","Information Technology","$30,503,334,233","0.00%","36.70","5.58","11.01","Analyze"
"PSX","Phillips 66","Common stocks","Large cap","Energy","$30,417,301,954","5.12%","-62.96","0.32","1.74","Analyze"
"WEC","WEC Energy Group Inc","Common stocks","Large cap","Utilities","$30,366,882,299","2.78%","22.72","3.77","2.73","Analyze"
"ED","Consolidated Edison Inc","Common stocks","Large cap","Utilities","$29,698,207,144","3.63%","25.29","2.25","1.47","Analyze"
"LH","Laboratory Corporation Of America","Common stocks","Large cap","Health Care","$29,610,537,000","0.00%","24.02","1.79","2.75","Analyze"
"CMI","Cummins Inc","Common stocks","Large cap","Industrials","$29,606,162,218","2.68%","13.53","1.23","3.75","Analyze"
"BLL","Ball Corp","Common stocks","Large cap","Materials","$29,150,476,380","0.78%","36.07","2.20","7.87","Analyze"
"SWK","Stanley Black & Decker Inc","Common stocks","Large cap","Industrials","$29,010,129,565","1.66%","16.19","1.69","2.58","Analyze"
"LYB","Lyondellbasell Industries NV","Common stocks","Large cap","Materials","$28,918,924,734","5.07%","5.13","0.70","2.49","Analyze"
"WLTW","Willis Towers Watson PLC","Common stocks","Large cap","Financials","$28,902,384,199","1.26%","12.82","3.01","2.58","Analyze"
"EXR","Extra Space Storage Inc","REITs","Large cap","Real Estate","$28,893,851,303","2.07%","40.38","19.22","9.65","Analyze"
"WY","Weyerhaeuser Company","REITs","Large cap","Real Estate","$28,561,085,850","3.06%","11.60","2.84","2.78","Analyze"
"PCAR","Paccar Inc","Common stocks","Large cap","Industrials","$28,510,201,765","1.59%","16.47","1.27","2.55","Analyze"
"FITB","Fifth Third Bancorp","Common stocks","Large cap","Financials","$28,157,125,037","2.67%","11.18","3.82","1.29","Analyze"
"VLO","Valero Energy Corp","Common stocks","Large cap","Energy","$28,082,918,394","5.60%","-66.27","0.30","1.67","Analyze"
"ETSY","Etsy Inc","Common stocks","Large cap","Consumer Discretionary","$27,699,057,168","0.00%","59.31","12.42","53.40","Analyze"
"O","Realty Income Corporation","REITs","Large cap","Real Estate","$27,187,358,578","4.13%","58.69","15.17","2.08","Analyze"
"VRSN","Verisign Inc","Common stocks","Large cap","Information Technology","$26,792,118,763","0.00%","44.34","20.49","-19.14","Analyze"
"VFC","VF Corp","Common stocks","Large cap","Consumer Discretionary","$26,744,545,037","2.87%","22.42","2.44","7.63","Analyze"
"CERN","Cerner Corp","Common stocks","Large cap","Health Care","$26,624,217,552","0.97%","76.96","4.66","6.95","Analyze"
"VMC","Vulcan Materials","Common stocks","Large cap","Materials","$26,379,105,466","0.74%","40.21","5.15","4.18","Analyze"
"MLM","Martin Marietta Materials Inc","Common stocks","Large cap","Materials","$26,335,139,105","0.56%","36.83","5.17","4.22","Analyze"
"HRL","Hormel Foods Corp","Common stocks","Large cap","Consumer Staples","$26,298,365,428","2.01%","28.36","2.31","3.69","Analyze"
"ABC","AmerisourceBergen Corp","Common stocks","Large cap","Health Care","$26,226,884,820","1.40%","17.25","0.12","45.45","Analyze"
"LVS","Las Vegas Sands Corp","Common stocks","Large cap","Consumer Discretionary","$26,090,250,031","0.00%","-24.88","5.97","13.46","Analyze"
"DVN","Devon Energy Corp","Common stocks","Large cap","Energy","$25,902,020,000","3.03%","23.27","2.90","3.13","Analyze"
"FTV","Fortive Corp","Common stocks","Large cap","Industrials","$25,638,302,118","0.39%","16.21","7.71","2.79","Analyze"
"ALB","Albemarle Corp","Common stocks","Large cap","Materials","$25,516,044,245","0.71%","123.60","7.70","4.60","Analyze"
"EIX","Edison International","Common stocks","Large cap","Utilities","$25,493,380,205","3.88%","40.53","1.73","1.72","Analyze"
"IT","Gartner Inc","Common stocks","Large cap","Information Technology","$25,388,004,777","0.00%","36.95","5.59","77.75","Analyze"
"TER","Teradyne Inc","Common stocks","Large cap","Information Technology","$25,381,405,781","0.26%","26.49","7.10","10.29","Analyze"
"CDW","CDW Corp","Common stocks","Large cap","Information Technology","$25,344,918,249","0.91%","25.93","1.25","31.34","Analyze"
"TSCO","Tractor Supply","Common stocks","Large cap","Consumer Discretionary","$25,301,057,605","0.93%","27.84","2.06","12.56","Analyze"
"GWW","W.W. Grainger Inc","Common stocks","Large cap","Industrials","$25,210,304,599","1.30%","27.58","2.00","14.01","Analyze"
"OKE","Oneok Inc","Common stocks","Large cap","Energy","$25,208,801,821","6.46%","18.09","1.84","4.42","Analyze"
"OXY","Occidental Petroleum Corp","Common stocks","Large cap","Energy","$25,198,806,867","0.15%","-23.70","1.13","1.42","Analyze"
"MAA","Mid-America Apartment Communities, Inc","REITs","Large cap","Real Estate","$25,163,480,492","1.86%","58.81","14.48","4.25","Analyze"
"MKC","McCormick & Co  Non-voting","Common stocks","Large cap","Consumer Staples","$25,048,708,961","1.44%","30.58","4.08","5.29","Analyze"
"GRMN","Garmin Ltd","Common stocks","Large cap","Consumer Discretionary","$24,869,164,156","2.02%","22.62","5.03","4.36","Analyze"
"ZBH","Zimmer Biomet Holdings Inc","Common stocks","Large cap","Health Care","$24,837,073,071","0.81%","31.23","3.15","2.01","Analyze"
"SWKS","Skyworks Solutions Inc","Common stocks","Large cap","Information Technology","$24,793,203,097","1.41%","16.85","4.85","4.77","Analyze"
"DOV","Dover Corp","Common stocks","Large cap","Industrials","$24,252,774,951","1.18%","26.16","3.15","6.34","Analyze"
"SYF","Synchrony Financial","Common stocks","Large cap","Financials","$24,199,800,807","1.98%","6.15","1.58","1.81","Analyze"
"CHD","Church And Dwight Inc","Common stocks","Large cap","Consumer Staples","$24,131,624,495","1.02%","29.31","4.72","6.84","Analyze"
"ENPH","Enphase Energy Inc","Common stocks","Large cap","Information Technology","$24,112,901,831","0.00%","153.75","19.54","39.36","Analyze"
"PAYC","Paycom Software Inc","Common stocks","Large cap","Information Technology","$24,042,741,542","0.00%","145.75","24.25","30.31","Analyze"
"LYV","Live Nation Entertainment Inc","Common stocks","Large cap","Communication Services","$24,009,413,879","0.00%","-28.63","6.31","-63.38","Analyze"
"BKR","Baker Hughes Company Class A","Common stocks","Large cap","Energy","$23,882,986,800","3.09%","147.83","1.16","1.46","Analyze"
"NTRS","Northern Trust Corporation","Common stocks","Large cap","Financials","$23,775,136,169","2.42%","18.37","4.33","2.06","Analyze"
"PKI","Perkinelmer Inc","Common stocks","Large cap","Health Care","$23,753,400,138","0.15%","21.05","4.70","3.43","Analyze"
"DRE","Duke Realty Corporation","REITs","Large cap","Real Estate","$23,730,782,193","1.66%","25.82","21.42","3.99","Analyze"
"EXPE","Expedia Inc","Common stocks","Large cap","Consumer Discretionary","$23,715,459,932","0.00%","-27.05","3.28","12.24","Analyze"
"IR","Ingersoll Rand Plc","Common stocks","Large cap","Industrials","$23,586,922,249","0.03%","30.38","4.30","2.79","Analyze"
"STX","Seagate Technology Plc","Common stocks","Large cap","Information Technology","$23,405,716,898","0.64%","18.51","2.11","38.54","Analyze"
"URI","United Rentals Inc","Common stocks","Large cap","Industrials","$23,309,560,181","0.00%","19.81","2.53","4.34","Analyze"
"LUV","Southwest Airlines","Common stocks","Large cap","Industrials","$23,297,967,540","0.00%","12,098.88","1.83","2.36","Analyze"
"DAL","Delta Air Lines Inc","Common stocks","Large cap","Industrials","$23,277,302,561","0.01%","-362.55","0.95","9.46","Analyze"
"BBY","Best Buy Inc","Common stocks","Large cap","Consumer Discretionary","$23,038,517,201","2.90%","21.44","0.00","5.48","Analyze"
"PPL","PPL Corporation","Common stocks","Large cap","Utilities","$22,703,371,838","5.51%","-17.10","3.65","1.55","Analyze"
"DTE","DTE Energy","Common stocks","Large cap","Utilities","$22,691,276,072","3.00%","25.79","1.62","2.63","Analyze"
"STE","STERIS PLC","Common stocks","Large cap","Health Care","$22,683,216,394","0.73%","92.01","7.46","3.54","Analyze"
"HIG","Hartford Financial Services Group","Common stocks","Large cap","Financials","$22,497,356,633","2.15%","10.65","1.05","1.29","Analyze"
"AEE","Ameren Corp","Common stocks","Large cap","Utilities","$22,217,514,797","2.53%","22.88","3.60","2.31","Analyze"
"HES","Hess Corp","Common stocks","Large cap","Energy","$22,046,360,315","1.40%","117.13","3.36","4.11","Analyze"
"MPWR","Monolithic Power Systems Inc","Common stocks","Large cap","Information Technology","$22,008,485,640","0.48%","105.43","19.93","19.24","Analyze"
"ETR","Entergy Corp","Common stocks","Large cap","Utilities","$21,997,403,066","3.48%","17.60","1.93","1.95","Analyze"
"K","Kellogg","Common stocks","Large cap","Consumer Staples","$21,958,074,829","3.54%","16.96","1.54","6.13","Analyze"
"ESS","Essex Property Trust, Inc","REITs","Large cap","Real Estate","$21,939,155,195","2.45%","49.57","15.33","3.73","Analyze"
"FE","Firstenergy Corp","Common stocks","Large cap","Utilities","$21,929,222,253","3.81%","19.95","1.99","2.93","Analyze"
"GNRC","Generac Holdings Inc","Common stocks","Large cap","Industrials","$21,836,701,455","0.00%","41.25","6.36","12.33","Analyze"
"BIO","Bio Rad Laboratories Inc Class A","Common stocks","Large cap","Health Care","$21,768,763,002","0.00%","2.76","7.31","1.20","Analyze"
"CLX","Clorox","Common stocks","Large cap","Consumer Staples","$21,697,564,476","2.55%","48.12","3.00","57.14","Analyze"
"POOL","Pool Corp","Common stocks","Large cap","Consumer Discretionary","$21,578,152,150","0.55%","36.05","4.23","22.03","Analyze"
"EXPD","Expeditors International Of Washington","Common stocks","Large cap","Industrials","$21,519,367,509","0.91%","18.59","1.49","6.32","Analyze"
"KMX","Carmax Inc","Common stocks","Large cap","Consumer Discretionary","$21,358,416,472","0.00%","19.03","0.82","4.52","Analyze"
"WAT","Waters Corp","Common stocks","Large cap","Health Care","$21,193,013,322","0.00%","30.69","7.75","72.24","Analyze"
"DGX","Quest Diagnostics Inc","Common stocks","Large cap","Health Care","$21,037,496,479","1.41%","9.41","1.90","3.21","Analyze"
"HBAN","Huntington Bancshares Inc","Common stocks","Large cap","Financials","$21,031,546,560","4.10%","20.62","3.77","1.12","Analyze"
"TRMB","Trimble Inc","Common stocks","Large cap","Information Technology","$21,006,892,075","0.00%","38.86","5.90","5.58","Analyze"
"CCL","Carnival Corp","Common stocks","Large cap","Consumer Discretionary","$20,865,411,302","0.00%","-2.20","31.90","1.35","Analyze"
"COO","Cooper Companies, Inc.","Common stocks","Large cap","Health Care","$20,788,432,038","0.02%","6.64","7.11","2.82","Analyze"
"XYL","Xylem Inc","Common stocks","Large cap","Industrials","$20,566,097,272","0.98%","45.27","3.92","6.76","Analyze"
"TTWO","Take Two Interactive Software Inc","Common stocks","Large cap","Communication Services","$20,563,716,833","0.00%","36.71","6.10","5.96","Analyze"
"KEY","Keycorp","Common stocks","Large cap","Financials","$20,548,456,350","3.36%","8.55","2.88","1.21","Analyze"
"TYL","Tyler Technologies Inc","Common stocks","Large cap","Information Technology","$20,489,803,553","0.00%","132.37","14.21","9.67","Analyze"
"CTLT","Catalent Inc","Common stocks","Large cap","Health Care","$20,468,954,182","0.00%","39.14","4.90","4.87","Analyze"
"FOX","Fox Corporation Class B","Common stocks","Large cap","Communication Services","$20,086,693,912","1.38%","4.89","1.52","0.75","Analyze"
"FOXA","Fox Corporation Class A","Common stocks","Large cap","Communication Services","$20,086,693,912","1.29%","6.77","1.52","1.03","Analyze"
"BR","Broadridge Financial Solutions Inc","Common stocks","Large cap","Information Technology","$20,035,106,766","1.41%","37.18","3.88","11.64","Analyze"
"JBHT","JB Hunt Transport Services Inc","Common stocks","Large cap","Industrials","$20,033,500,368","0.62%","30.44","1.76","7.01","Analyze"
"ULTA","Ulta Beauty Inc","Common stocks","Large cap","Consumer Discretionary","$19,798,241,687","0.00%","23.59","2.44","10.30","Analyze"
"MGM","MGM Resorts International","Common stocks","Large cap","Consumer Discretionary","$19,729,140,595","0.02%","32.90","2.43","3.08","Analyze"
"RF","Regions Financial Corp","Common stocks","Large cap","Financials","$19,723,417,470","3.11%","7.90","3.08","1.09","Analyze"
"RJF","Raymond James Inc","Common stocks","Large cap","Financials","$19,550,313,442","1.09%","14.25","2.02","2.41","Analyze"
"NVR","NVR, Inc.","Common stocks","Large cap","Consumer Discretionary","$19,512,925,927","0.00%","16.58","2.15","6.63","Analyze"
"NTAP","NetApp Inc","Common stocks","Large cap","Information Technology","$19,455,970,670","2.23%","21.21","3.22","26.33","Analyze"
"HAL","Halliburton","Common stocks","Large cap","Energy","$19,412,886,092","0.82%","50.70","1.36","3.55","Analyze"
"HOLX","Hologic Inc","Common stocks","Large cap","Health Care","$19,404,636,428","0.00%","10.23","3.45","4.54","Analyze"
"DPZ","Dominos Pizza Inc","Common stocks","Large cap","Consumer Discretionary","$19,307,187,744","0.71%","38.06","4.42","-4.67","Analyze"
"HPE","Hewlett Packard Enterprise","Common stocks","Large cap","Information Technology","$19,207,582,619","4.00%","5.82","0.69","1.00","Analyze"
"VTR","Ventas, Inc","REITs","Large cap","Real Estate","$19,204,352,164","3.70%","98.08","5.15","1.77","Analyze"
"TDY","Teledyne Technologies Inc","Common stocks","Large cap","Information Technology","$19,199,538,028","0.00%","47.49","4.74","2.66","Analyze"
"CFG","Citizens Financial Group Inc","Common stocks","Large cap","Financials","$18,961,619,136","3.46%","9.16","2.86","0.83","Analyze"
"PEAK","Healthpeak Properties, Inc.","REITs","Large cap","Real Estate","$18,808,229,860","3.40%","30.59","14.62","2.84","Analyze"
"GPC","Genuine Parts","Common stocks","Large cap","Consumer Discretionary","$18,708,520,817","2.46%","23.51","1.02","6.01","Analyze"
"VIAC","ViacomCBS Inc. - Class B","Common stocks","Large cap","Communication Services","$18,700,535,609","3.31%","5.40","0.70","0.87","Analyze"
"CMS","CMS Energy Corp","Common stocks","Large cap","Utilities","$18,691,275,538","2.67%","21.25","2.61","1.99","Analyze"
"BRO","Brown & Brown Inc","Common stocks","Large cap","Financials","$18,626,050,032","0.57%","32.22","6.31","4.57","Analyze"
"MTB","M&T Bank Corp","Common stocks","Large cap","Financials","$18,620,656,845","3.08%","10.69","3.09","1.09","Analyze"
"AKAM","Akamai Technologies Inc","Common stocks","Large cap","Information Technology","$18,534,084,018","0.00%","31.13","5.45","4.11","Analyze"
"RCL","Royal Caribbean Cruises Ltd","Common stocks","Large cap","Consumer Discretionary","$18,513,030,283","0.00%","-3.70","31.70","3.02","Analyze"
"CZR","Caesars Entertainment Corp","Common stocks","Large cap","Consumer Discretionary","$18,448,700,688","0.00%","-17.60","2.20","4.10","Analyze"
"TECH","Bio-Techne Corp","Common stocks","Large cap","Health Care","$18,279,382,537","0.27%","106.66","18.57","11.50","Analyze"
"CRL","Charles River Laboratories International","Common stocks","Large cap","Health Care","$18,074,329,146","0.00%","45.94","5.28","7.51","Analyze"
"FANG","Diamondback Energy Inc","Common stocks","Large cap","Energy","$17,958,021,297","1.75%","43.10","3.24","1.66","Analyze"
"DRI","Darden Restaurants Inc","Common stocks","Large cap","Consumer Discretionary","$17,918,117,514","2.49%","20.13","2.09","7.29","Analyze"
"UDR","UDR, Inc","REITs","Large cap","Real Estate","$17,836,962,205","2.48%","328.09","14.33","5.81","Analyze"
"AMCR","Amcor plc","Common stocks","Large cap","Materials","$17,784,759,217","4.03%","19.07","1.35","3.87","Analyze"
"PFG","Principal Financial Group Inc","Common stocks","Large cap","Financials","$17,738,445,720","3.60%","10.89","1.27","1.16","Analyze"
"CINF","Cincinnati Financial Corp","Common stocks","Large cap","Financials","$17,727,121,190","2.27%","7.12","1.97","1.52","Analyze"
"BBWI","Bath & Body Works, Inc.","Common stocks","Large cap","Consumer Discretionary","$17,520,004,781","0.84%","11.02","1.36","-10.52","Analyze"
"WDC","Western Digital Corp","Common stocks","Large cap","Information Technology","$17,419,721,284","0.00%","12.34","0.97","1.62","Analyze"
"BXP","Boston Properties, Inc","REITs","Large cap","Real Estate","$17,388,957,006","3.48%","56.04","6.16","3.14","Analyze"
"IP","International Paper","Common stocks","Large cap","Materials","$17,260,319,442","4.25%","9.76","0.79","1.82","Analyze"
"J","Jacobs Engineering Group Inc.","Common stocks","Large cap","Industrials","$17,195,291,668","0.63%","41.40","1.22","2.91","Analyze"
"FLT","Fleetcor Technologies Inc","Common stocks","Large cap","Information Technology","$17,149,143,686","0.00%","21.66","6.47","5.62","Analyze"
"IEX","IDEX Corp","Common stocks","Large cap","Industrials","$16,992,278,818","0.95%","40.24","6.38","6.37","Analyze"
"CNP","Centerpoint Energy Inc","Common stocks","Large cap","Utilities","$16,979,374,818","2.39%","19.05","2.10","1.94","Analyze"
"CE","Celanese Corporation","Common stocks","Large cap","Materials","$16,972,965,203","1.73%","6.12","2.16","4.40","Analyze"
"AVY","Avery Dennison Corp","Common stocks","Large cap","Materials","$16,756,170,088","1.31%","23.02","2.04","9.58","Analyze"
"DISH","Dish Network Corp Class A","Common stocks","Large cap","Communication Services","$16,489,880,299","0.00%","3.59","0.92","0.62","Analyze"
"CAG","Conagra Brands Inc","Common stocks","Large cap","Consumer Staples","$16,462,953,284","3.38%","13.46","1.48","1.90","Analyze"
"INCY","Incyte Corp","Common stocks","Large cap","Health Care","$16,224,415,892","0.00%","30.44","5.57","5.17","Analyze"
"WAB","Westinghouse Air Brake Technologies","Common stocks","Large cap","Industrials","$16,217,932,139","0.55%","36.62","2.09","1.64","Analyze"
"BEN","Franklin Resources Inc","Common stocks","Large cap","Financials","$16,161,733,474","3.44%","9.14","1.92","1.40","Analyze"
"QRVO","Qorvo, Inc.","Common stocks","Large cap","Information Technology","$16,110,226,858","0.00%","15.02","3.55","3.51","Analyze"
"LKQ","LKQ Corp","Common stocks","Large cap","Consumer Discretionary","$16,107,802,773","0.45%","16.00","1.25","2.81","Analyze"
"TXT","Textron Inc","Common stocks","Large cap","Industrials","$15,925,721,928","0.11%","21.34","1.24","2.74","Analyze"
"ROL","Rollins Inc","Common stocks","Large cap","Industrials","$15,815,672,760","1.05%","46.07","6.70","14.55","Analyze"
"MAS","Masco Corp","Common stocks","Large cap","Industrials","$15,802,224,297","1.30%","34.25","1.92","-128.59","Analyze"
"CTRA","Coterra Energy Inc.","Common stocks","Large cap","Energy","$15,799,677,749","2.28%","45.56","9.40","6.87","Analyze"
"EMN","Eastman Chemical","Common stocks","Large cap","Materials","$15,562,806,697","2.42%","30.33","1.56","2.53","Analyze"
"AES","AES Corp","Common stocks","Large cap","Utilities","$15,481,095,109","2.57%","29.22","1.42","4.54","Analyze"
"VTRS","Viatris Inc.","Common stocks","Large cap","Health Care","$15,431,859,988","2.57%","-8.24","0.90","0.75","Analyze"
"EVRG","Evergy Inc","Common stocks","Large cap","Utilities","$15,342,643,657","3.21%","17.32","2.76","1.63","Analyze"
"MKTX","Marketaxess Holdings Inc","Common stocks","Large cap","Financials","$15,342,164,831","0.65%","56.17","21.75","14.83","Analyze"
"PWR","Quanta Services Inc","Common stocks","Large cap","Industrials","$15,310,122,643","0.22%","28.65","1.28","3.41","Analyze"
"LNT","Alliant Energy Corp","Common stocks","Large cap","Utilities","$14,997,953,310","2.66%","23.42","4.21","2.48","Analyze"
"NLOK","NortonLifeLock Inc.","Common stocks","Large cap","Information Technology","$14,997,644,390","1.93%","16.80","5.58","-64.17","Analyze"
"OMC","Omnicom Group Inc","Common stocks","Large cap","Communication Services","$14,976,873,460","3.92%","11.48","1.06","4.68","Analyze"
"CDAY","Ceridian HCM Holding Inc.","Common stocks","Large cap","Information Technology","$14,856,191,856","0.00%","-185.53","15.40","6.95","Analyze"
"IRM","Iron Mountain Incorporated","REITs","Large cap","Real Estate","$14,752,546,923","4.76%","23.45","3.36","15.31","Analyze"
"TFX","Teleflex Inc","Common stocks","Large cap","Health Care","$14,634,362,380","0.43%","34.75","5.30","4.12","Analyze"
"SJM","J.M. Smucker","Common stocks","Large cap","Consumer Staples","$14,633,368,689","2.77%","18.60","1.85","1.72","Analyze"
"ABMD","Abiomed Inc","Common stocks","Large cap","Health Care","$14,387,671,263","0.00%","63.47","14.78","10.92","Analyze"
"AAP","Advance Auto Parts Inc","Common stocks","Large cap","Consumer Discretionary","$14,241,298,875","1.42%","22.14","1.30","4.48","Analyze"
"PTC","PTC Inc","Common stocks","Large cap","Information Technology","$14,135,194,890","0.00%","29.84","7.82","6.98","Analyze"
"FFIV","F5 Networks Inc","Common stocks","Large cap","Information Technology","$14,099,903,469","0.00%","43.10","5.42","6.05","Analyze"
"L","Loews Corp","Common stocks","Large cap","Financials","$14,099,779,619","0.45%","8.82","0.94","0.81","Analyze"
"IPG","Interpublic Group Of Companies Inc","Common stocks","Large cap","Communication Services","$13,986,186,835","3.01%","20.57","1.42","4.59","Analyze"
"WRB","WR Berkley Corp","Common stocks","Large cap","Financials","$13,910,434,571","0.64%","13.51","1.52","2.11","Analyze"
"CAH","Cardinal Health Inc","Common stocks","Large cap","Health Care","$13,844,244,538","3.92%","12.34","0.08","10.06","Analyze"
"WHR","Whirlpool Corp","Common stocks","Large cap","Consumer Discretionary","$13,805,428,494","2.45%","7.00","0.63","2.80","Analyze"
"CF","CF Industries Holdings Inc","Common stocks","Large cap","Materials","$13,756,454,722","1.86%","49.20","2.70","5.01","Analyze"
"KIM","Kimco Realty Corporation","REITs","Large cap","Real Estate","$13,715,524,291","3.02%","15.38","11.34","1.45","Analyze"
"MOS","Mosaic","Common stocks","Large cap","Materials","$13,468,045,489","0.77%","7.89","1.23","1.36","Analyze"
"CBOE","Cboe Global Markets, Inc.","Common stocks","Large cap","Financials","$13,433,815,813","1.42%","29.87","3.87","3.84","Analyze"
"UAL","United Continental Holdings Inc","Common stocks","Large cap","Industrials","$13,300,488,587","0.00%","-4.42","0.67","2.62","Analyze"
"HAS","Hasbro Inc","Common stocks","Large cap","Consumer Discretionary","$13,238,764,569","2.80%","29.48","2.16","4.41","Analyze"
"FBHS","Fortune Brands Home And Security","Common stocks","Large cap","Industrials","$13,192,021,088","1.07%","17.76","1.79","4.42","Analyze"
"ATO","Atmos Energy Corp","Common stocks","Large cap","Utilities","$13,181,611,191","2.56%","19.83","3.87","1.67","Analyze"
"CHRW","C.H. Robinson Worldwide, Inc.","Common stocks","Large cap","Industrials","$13,096,236,797","2.04%","17.35","0.62","6.78","Analyze"
"CPB","Campbell Soup","Common stocks","Large cap","Consumer Staples","$13,041,111,087","3.38%","13.38","1.56","3.94","Analyze"
"PHM","Pultegroup Inc","Common stocks","Large cap","Consumer Discretionary","$13,033,998,137","1.10%","7.83","1.02","1.88","Analyze"
"FMC","FMC Corp","Common stocks","Large cap","Materials","$12,959,072,849","1.86%","22.61","2.71","4.42","Analyze"
"AOS","A O Smith Corp","Common stocks","Large cap","Industrials","$12,799,092,740","1.33%","23.05","3.79","5.68","Analyze"
"LUMN","CenturyLink, Inc.","Common stocks","Large cap","Communication Services","$12,778,199,192","7.90%","-16.99","0.64","1.16","Analyze"
"HWM","Howmet Aerospace Inc.","Common stocks","Large cap","Industrials","$12,500,398,153","0.14%","45.85","2.54","3.65","Analyze"
"NWS","News Corp Class B","Common stocks","Large cap","Communication Services","$12,420,823,255","0.95%","8.91","1.27","0.53","Analyze"
"NWSA","News Corp Class A","Common stocks","Large cap","Communication Services","$12,420,823,255","0.96%","17.34","1.27","1.04","Analyze"
"PKG","Packaging Corp Of America","Common stocks","Large cap","Materials","$12,259,508,260","3.07%","16.65","1.66","3.44","Analyze"
"JKHY","Jack Henry & Associates, Inc.","Common stocks","Large cap","Information Technology","$12,067,947,806","1.12%","37.90","6.73","8.75","Analyze"
"REG","Regency Centers Corporation","REITs","Large cap","Real Estate","$11,996,895,120","3.40%","21.92","10.64","2.06","Analyze"
"LDOS","Leidos Holdings Inc","Common stocks","Large cap","Industrials","$11,850,255,221","1.65%","15.63","0.88","2.95","Analyze"
"RHI","Robert Half","Common stocks","Large cap","Industrials","$11,804,341,530","1.43%","22.84","1.97","9.11","Analyze"
"MRO","Marathon Oil Corp","Common stocks","Large cap","Energy","$11,569,058,289","1.21%","-299.27","2.47","1.14","Analyze"
"XRAY","Dentsply Sirona Inc","Common stocks","Large cap","Health Care","$11,496,543,497","0.80%","27.74","2.71","2.26","Analyze"
"PNR","Pentair","Common stocks","Large cap","Industrials","$11,422,961,458","1.15%","22.92","3.20","4.97","Analyze"
"LNC","Lincoln National Corp","Common stocks","Large cap","Financials","$11,359,348,065","2.65%","8.92","0.61","0.56","Analyze"
"DISCA","Discovery Communications Inc Series A","Common stocks","Large cap","Communication Services","$11,338,736,724","0.00%","3.21","0.95","0.34","Analyze"
"DISCK","Discovery Communications, Inc. - Series C","Common stocks","Large cap","Communication Services","$11,338,736,724","0.00%","6.02","0.95","0.64","Analyze"
"WRK","Westrock","Common stocks","Large cap","Materials","$11,257,265,547","2.17%","13.70","0.60","0.98","Analyze"
"AAL","American Airlines Group Inc","Common stocks","Large cap","Industrials","$11,202,001,231","0.00%","-3.62","0.46","-1.58","Analyze"
"ALLE","Allegion PLC","Common stocks","Large cap","Industrials","$11,144,747,383","1.15%","24.45","3.86","13.12","Analyze"
"MHK","Mohawk Industries Inc","Common stocks","Large cap","Consumer Discretionary","$11,104,722,553","0.00%","10.44","1.00","1.30","Analyze"
"HST","Host Hotels & Resorts, Inc","REITs","Large cap","Real Estate","$11,060,407,076","0.00%","-36.37","0.00","1.97","Analyze"
"SNA","Snap On Inc","Common stocks","Large cap","Industrials","$10,987,390,552","2.48%","13.90","2.40","2.77","Analyze"
"DVA","Davita Inc","Common stocks","Large cap","Health Care","$10,896,167,000","0.00%","11.50","0.94","9.65","Analyze"
"TPR","Tapestry","Common stocks","Large cap","Consumer Discretionary","$10,821,360,700","1.27%","13.58","1.79","3.58","Analyze"
"JNPR","Juniper Networks Inc","Common stocks","Large cap","Information Technology","$10,783,005,707","2.39%","72.55","2.31","2.49","Analyze"
"CMA","Comerica Inc","Common stocks","Large cap","Financials","$10,739,764,095","3.28%","9.86","4.00","1.43","Analyze"
"NI","Nisource Inc","Common stocks","Large cap","Utilities","$10,614,807,473","3.21%","23.49","2.26","1.62","Analyze"
"UHS","Universal Health Services Inc.","Common stocks","Large cap","Health Care","$10,589,258,112","0.48%","8.81","0.85","1.49","Analyze"
"CTXS","Citrix Systems Inc","Common stocks","Large cap","Information Technology","$10,433,068,243","1.76%","37.43","3.29","29.66","Analyze"
"RE","Everest Re Group Ltd","Common stocks","Large cap","Financials","$10,384,267,450","2.35%","10.43","0.94","1.05","Analyze"
"ANET","Arista Networks Inc","Common stocks","Large cap","Information Technology","$10,319,350,825","0.00%","13.50","3.72","2.74","Analyze"
"HSIC","Henry Schein Inc","Common stocks","Large cap","Health Care","$10,106,591,147","0.00%","16.15","0.83","2.93","Analyze"
"BWA","BorgWarner Inc","Common stocks","Large cap","Consumer Discretionary","$10,060,802,699","1.61%","13.42","0.67","1.55","Analyze"
"IVZ","Invesco Ltd","Common stocks","Large cap","Financials","$10,035,853,810","3.03%","8.91","1.48","0.70","Analyze"
"FRT","Federal Realty Investment Trust","REITs","Mid cap","Real Estate","$9,927,494,841","3.28%","43.41","10.83","4.15","Analyze"
"NRG","NRG Energy Inc","Common stocks","Mid cap","Utilities","$9,871,894,408","3.19%","4.16","0.45","2.49","Analyze"
"SEE","Sealed Air Corp","Common stocks","Mid cap","Materials","$9,496,845,752","1.18%","20.61","1.78","75.56","Analyze"
"TAP","Molson Coors Brewing Class B","Common stocks","Mid cap","Consumer Staples","$9,414,284,567","1.56%","-20.12","0.95","0.67","Analyze"
"WYNN","Wynn Resorts Ltd","Common stocks","Mid cap","Consumer Discretionary","$9,344,001,418","1.22%","-11.77","2.75","-187.53","Analyze"
"ZION","Zions Bancorporation","Common stocks","Mid cap","Financials","$9,293,929,702","2.40%","8.26","3.22","1.24","Analyze"
"GL","Globe Life Inc.","Common stocks","Mid cap","Financials","$8,771,055,484","0.90%","11.88","1.74","1.06","Analyze"
"NWL","Newell Brands Inc","Common stocks","Mid cap","Consumer Discretionary","$8,750,478,000","4.41%","15.12","0.84","2.25","Analyze"
"APA","Apache Corp","Common stocks","Mid cap","Energy","$8,696,785,760","0.47%","14.38","1.26","-8.41","Analyze"
"IPGP","IPG Photonics Corp","Common stocks","Mid cap","Information Technology","$8,670,685,428","0.00%","33.97","6.05","3.26","Analyze"
"LW","Lamb Weston Holdings Inc","Common stocks","Mid cap","Consumer Staples","$8,625,339,079","1.58%","34.60","2.28","20.91","Analyze"
"AIZ","Assurant Inc","Common stocks","Mid cap","Financials","$8,406,913,413","1.80%","6.25","0.83","1.50","Analyze"
"UA","Under Armour Inc Class C","Common stocks","Mid cap","Consumer Discretionary","$8,278,057,920","0.00%","10.16","1.49","2.23","Analyze"
"UAA","Under Armour Inc Class A","Common stocks","Mid cap","Consumer Discretionary","$8,278,057,920","0.00%","8.89","1.49","1.96","Analyze"
"RL","Ralph Lauren Corp Class A","Common stocks","Mid cap","Consumer Discretionary","$7,960,644,014","1.26%","13.52","1.42","1.91","Analyze"
"PENN","Penn National Gaming Inc","Common stocks","Mid cap","Consumer Discretionary","$7,953,616,023","0.00%","22.20","1.48","2.80","Analyze"
"PNW","Pinnacle West Corp","Common stocks","Mid cap","Utilities","$7,634,456,452","4.85%","13.35","2.04","1.26","Analyze"
"VNO","Vornado Realty Trust","REITs","Mid cap","Real Estate","$7,576,227,900","5.26%","-85.04","4.91","1.26","Analyze"
"DXC","DXC Technology Company","Common stocks","Mid cap","Information Technology","$7,562,119,704","0.00%","20.28","0.45","1.66","Analyze"
"OGN","Organon & Co.","Common stocks","Mid cap","Health Care","$7,444,228,851","1.90%","6.57","0.94","-4.67","Analyze"
"HII","Huntington Ingalls Industries Inc","Common stocks","Mid cap","Industrials","$7,194,154,021","2.54%","10.90","0.75","3.35","Analyze"
"NLSN","Nielsen Holdings Plc","Common stocks","Mid cap","Industrials","$7,131,888,273","1.20%","9.22","1.67","2.34","Analyze"
"PBCT","Peoples United Financial Inc","Common stocks","Mid cap","Financials","$7,092,291,549","4.32%","24.76","3.70","0.94","Analyze"
"WU","Western Union","Common stocks","Mid cap","Information Technology","$7,067,276,872","5.25%","8.87","1.40","19.59","Analyze"
"PVH","PVH Corp","Common stocks","Mid cap","Consumer Discretionary","$6,612,186,731","0.04%","24.49","0.00","1.33","Analyze"
"GPS","Gap Inc","Common stocks","Mid cap","Consumer Discretionary","$6,232,100,142","2.88%","12.68","0.38","2.30","Analyze"
"ALK","Alaska Air Group Inc","Common stocks","Mid cap","Industrials","$6,182,828,359","0.00%","501.92","1.22","1.85","Analyze"
"HBI","Hanesbrands Inc","Common stocks","Mid cap","Consumer Discretionary","$5,468,542,674","3.79%","-17.83","0.80","8.82","Analyze"
"LEG","Leggett & Platt Inc","Common stocks","Mid cap","Consumer Discretionary","$5,068,333,524","4.31%","12.80","1.03","3.25","Analyze"
"NCLH","Norwegian Cruise Line Holdings Ltd","Common stocks","Mid cap","Consumer Discretionary","$4,457,026,000","0.00%","-2.24","26.20","2.85","Analyze"